"codigo_subzona";"nombre_subzona";"codigo_subcircuito";"codigo_circuito";"codigo_distrito";"nombre_subcircuito";"nombre_circuito";"nombre_distrito";"zonas_nombre_zona"
1;"MAR TERRITORIAL";"0";"0";"0";"MAR TERRITORIAL";"MAR TERRITORIAL";"MAR TERRITORIAL";"ZONA 0"
2;"CANAR";"000C01S01";"000C01";"90D01";"EL PIEDRERO 1";"EL PIEDRERO";"EL PIEDRERO";"ZONA 0"
3;"ESMERALDAS";"08D01C11S02";"08D01C11";"08D01";"GUACHARACA 2";"GUACHARACA";"ESMERALDAS";"ZONA 1"
4;"SUCUMBIOS";"21D02C05S02";"21D02C05";"21D02";"SANTA CECILIA 2";"SANTA CECILIA";"LAGO AGRIO";"ZONA 1"
5;"IMBABURA";"10D02C13S01";"10D02C13";"10D02";"PUERTO LAGO 1";"PUERTO LAGO";"VALLE DEL AMANECER";"ZONA 1"
6;"CARCHI";"04D01C10S01";"04D01C10";"04D01";"JULIO ANDRADE 1";"JULIO ANDRADE";"TULCAN";"ZONA 1"
7;"ESMERALDAS";"08D01C21S02";"08D01C21";"08D01";"SAN MATEO 2";"SAN MATEO";"ESMERALDAS";"ZONA 1"
8;"CARCHI";"04D01C04S01";"04D01C04";"04D01";"ISIDRO AYORA 1";"ISIDRO AYORA";"TULCAN";"ZONA 1"
9;"ESMERALDAS";"08D03C07S01";"08D03C07";"08D03";"LA UNION DE ATACAMES 1";"LA UNION DE ATACAMES";"ATACAMES";"ZONA 1"
10;"IMBABURA";"10D02C05S01";"10D02C05";"10D02";"EL JORDAN 1";"EL JORDAN";"VALLE DEL AMANECER";"ZONA 1"
11;"ESMERALDAS";"08D01C06S02";"08D01C06";"08D01";"BELLAVISTA NORTE 2";"BELLAVISTA NORTE";"ESMERALDAS";"ZONA 1"
12;"CARCHI";"04D03C03S02";"04D03C03";"04D03";"LA CONCEPCION 2";"LA CONCEPCION";"ESPEJO";"ZONA 1"
13;"ESMERALDAS";"08D04C02S01";"08D04C02";"08D04";"ROSA ZARATE 1";"ROSA ZARATE";"QUININDE";"ZONA 1"
14;"ESMERALDAS";"08D06C01S03";"08D06C01";"08D06";"PALESTINA 3";"PALESTINA";"RIO VERDE";"ZONA 1"
15;"ESMERALDAS";"08D01C06S01";"08D01C06";"08D01";"BELLAVISTA NORTE 1";"BELLAVISTA NORTE";"ESMERALDAS";"ZONA 1"
16;"ESMERALDAS";"08D05C04S02";"08D05C04";"08D05";"CARONDELET 2";"CARONDELET";"SAN LORENZO";"ZONA 1"
17;"IMBABURA";"10D01C14S01";"10D01C14";"10D01";"AMBUQUI 1";"AMBUQUI";"CIUDAD BLANCA";"ZONA 1"
18;"IMBABURA";"10D01C20S02";"10D01C20";"10D01";"LAS TERMAS 2";"LAS TERMAS";"CIUDAD BLANCA";"ZONA 1"
19;"CARCHI";"04D02C01S02";"04D02C01";"04D02";"BOLIVAR 2";"BOLIVAR";"MONTUFAR";"ZONA 1"
20;"CARCHI";"04D02C05S01";"04D02C05";"04D02";"SAN GABRIEL SUR 1";"SAN GARBRIEL SUR";"MONTUFAR";"ZONA 1"
21;"ESMERALDAS";"08D01C04S02";"08D01C04";"08D01";"LA TOLITA 2";"LA TOLITA";"ESMERALDAS";"ZONA 1"
22;"ESMERALDAS";"08D03C08S02";"08D03C08";"08D03";"TONCHIGUE 2";"TONCHIGUE";"ATACAMES";"ZONA 1"
23;"IMBABURA";"10D01C03S01";"10D01C03";"10D01";"LOS CEIBOS 1";"LOS CEIBOS";"CIUDAD BLANCA";"ZONA 1"
24;"IMBABURA";"10D01C10S01";"10D01C10";"10D01";"ESTADIO 1";"ESTADIO";"CIUDAD BLANCA";"ZONA 1"
25;"CARCHI";"04D03C03S01";"04D03C03";"04D03";"LA CONCEPCION 1";"LA CONCEPCION";"ESPEJO";"ZONA 1"
26;"IMBABURA";"10D01C20S01";"10D01C20";"10D01";"LAS TERMAS 1";"LAS TERMAS";"CIUDAD BLANCA";"ZONA 1"
27;"ESMERALDAS";"08D01C02S01";"08D01C02";"08D01";"LAS PALMAS 1";"LAS PALMAS";"ESMERALDAS";"ZONA 1"
28;"ESMERALDAS";"08D03C03S01";"08D03C03";"08D03";"CHAMANGA 1";"CHAMANGA";"ATACAMES";"ZONA 1"
29;"CARCHI";"04D01C09S01";"04D01C09";"04D01";"SANTA MARTHA DE CUBA 1";"SANTA MARTHA DE CUBA";"TULCAN";"ZONA 1"
30;"IMBABURA";"10D03C04S01";"10D03C04";"10D03";"LAS TOLAS 1";"LAS TOLAS";"TIERRA DEL SOL";"ZONA 1"
31;"ESMERALDAS";"08D03C01S01";"08D03C01";"08D03";"GALERAS 1";"GALERAS";"ATACAMES";"ZONA 1"
32;"ESMERALDAS";"08D03C05S01";"08D03C05";"08D03";"ATACAMES 1";"ATACAMES";"ATACAMES";"ZONA 1"
33;"IMBABURA";"10D01C06S01";"10D01C06";"10D01";"LA FLORIDA 1";"LA FLORIDA";"CIUDAD BLANCA";"ZONA 1"
34;"IMBABURA";"10D01C01S02";"10D01C01";"10D01";"ARCANGEL 2";"ARCANGEL";"CIUDAD BLANCA";"ZONA 1"
35;"SUCUMBIOS";"21D03C03S01";"21D03C03";"21D03";"PALMA ROJA 1";"PALMA ROJA";"PUTUMAYO";"ZONA 1"
36;"SUCUMBIOS";"21D04C02S02";"21D04C02";"21D04";"SHUSHUFINDI CENTRO 2";"SHUSHUFINDI CENTRO";"SHUSHUFINDI";"ZONA 1"
37;"ESMERALDAS";"08D02C02S03";"08D02C02";"08D02";"ANCHAYACU 3";"ANCHAYACU";"ELOY ALFARO";"ZONA 1"
38;"ESMERALDAS";"08D04C02S02";"08D04C02";"08D04";"ROSA ZARATE 2";"ROSA ZARATE";"QUININDE";"ZONA 1"
39;"IMBABURA";"10D01C06S02";"10D01C06";"10D01";"LA FLORIDA 2";"LA FLORIDA";"CIUDAD BLANCA";"ZONA 1"
40;"ESMERALDAS";"08D05C01S02";"08D05C01";"08D05";"FRONTERA 2";"FRONTERA";"SAN LORENZO";"ZONA 1"
41;"IMBABURA";"10D01C10S02";"10D01C10";"10D01";"ESTADIO 2";"ESTADIO";"CIUDAD BLANCA";"ZONA 1"
42;"ESMERALDAS";"08D04C08S01";"08D04C08";"08D04";"LA UNION 1";"LA UNION";"QUININDE";"ZONA 1"
43;"ESMERALDAS";"08D04C05S01";"08D04C05";"08D04";"PUEBLO NUEVO 1";"PUEBLO NUEVO";"QUININDE";"ZONA 1"
44;"IMBABURA";"10D01C18S01";"10D01C18";"10D01";"GALO PLAZA 1";"GALO PLAZA";"CIUDAD BLANCA";"ZONA 1"
45;"IMBABURA";"10D02C02S01";"10D02C02";"10D02";"TEXTILERO 1";"TEXTILERO";"VALLE DEL AMANECER";"ZONA 1"
46;"IMBABURA";"10D02C07S01";"10D02C07";"10D02";"LA MONTANA 1";"LA MONTANA";"VALLE DEL AMANECER";"ZONA 1"
47;"SUCUMBIOS";"21D04C05S01";"21D04C05";"21D04";"LIMONCOCHA 1";"LIMONCOCHA";"SHUSHUFINDI";"ZONA 1"
48;"IMBABURA";"10D01C13S02";"10D01C13";"10D01";"EL NOGAL 2";"EL NOGAL";"CIUDAD BLANCA";"ZONA 1"
49;"IMBABURA";"10D01C12S02";"10D01C12";"10D01";"LAS TOTORAS 2";"LAS TOTORAS";"CIUDAD BLANCA";"ZONA 1"
50;"CARCHI";"04D01C05S01";"04D01C05";"04D01";"EL PORTAL 1";"EL PORTAL";"TULCAN";"ZONA 1"
51;"IMBABURA";"10D01C12S01";"10D01C12";"10D01";"LAS TOTORAS 1";"LAS TOTORAS";"CIUDAD BLANCA";"ZONA 1"
52;"ESMERALDAS";"08D06C02S01";"08D06C02";"08D06";"MONTALVO 1";"MONTALVO";"RIO VERDE";"ZONA 1"
53;"SUCUMBIOS";"21D02C01S02";"21D02C01";"21D02";"NUEVO SUCUMBIOS 2";"NUEVO SUCUMBIOS";"LAGO AGRIO";"ZONA 1"
54;"ESMERALDAS";"08D01C13S01";"08D01C13";"08D01";"CENTRO 1";"CENTRO";"ESMERALDAS";"ZONA 1"
55;"IMBABURA";"10D02C09S01";"10D02C09";"10D02";"MOJANDA 1";"MOJANDA";"VALLE DEL AMANECER";"ZONA 1"
56;"ESMERALDAS";"08D01C19S01";"08D01C19";"08D01";"TABIAZO 1";"TABIAZO";"ESMERALDAS";"ZONA 1"
57;"ESMERALDAS";"08D03C03S02";"08D03C03";"08D03";"CHAMANGA 2";"CHAMANGA";"ATACAMES";"ZONA 1"
58;"CARCHI";"04D01C01S01";"04D01C01";"04D01";"SAN PEDRO DE HUACA 1";"SAN PEDRO DE HUACA";"TULCAN";"ZONA 1"
59;"SUCUMBIOS";"21D02C01S01";"21D02C01";"21D02";"NUEVO SUCUMBIOS 1";"NUEVO SUCUMBIOS";"LAGO AGRIO";"ZONA 1"
60;"IMBABURA";"10D01C22S01";"10D01C22";"10D01";"BUENOS AIRES 1";"BUENOS AIRES";"CIUDAD BLANCA";"ZONA 1"
61;"IMBABURA";"10D01C13S01";"10D01C13";"10D01";"EL NOGAL 1";"EL NOGAL";"CIUDAD BLANCA";"ZONA 1"
62;"ESMERALDAS";"08D01C08S03";"08D01C08";"08D01";"VALLE HERMOSO 3";"VALLE HERMOSO";"ESMERALDAS";"ZONA 1"
63;"CARCHI";"04D01C01S02";"04D01C01";"04D01";"SAN PEDRO DE HUACA 2";"SAN PEDRO DE HUACA";"TULCAN";"ZONA 1"
64;"CARCHI";"04D02C07S01";"04D02C07";"04D02";"LA PAZ 1";"LA PAZ";"MONTUFAR";"ZONA 1"
65;"SUCUMBIOS";"21D02C07S01";"21D02C07";"21D02";"PACAYACU 1";"PACAYACU";"LAGO AGRIO";"ZONA 1"
66;"ESMERALDAS";"08D01C10S01";"08D01C10";"08D01";"ESMERALDAS LIBRE 1";"ESMERALDAS LIBRE";"ESMERALDAS";"ZONA 1"
67;"CARCHI";"04D03C04S01";"04D03C04";"04D03";"MIRA 1";"MIRA";"ESPEJO";"ZONA 1"
68;"ESMERALDAS";"08D04C10S01";"08D04C10";"08D04";"CUBE 1";"CUBE";"QUININDE";"ZONA 1"
69;"CARCHI";"04D01C10S02";"04D01C10";"04D01";"JULIO ANDRADE 2";"JULIO ANDRADE";"TULCAN";"ZONA 1"
70;"ESMERALDAS";"08D03C06S01";"08D03C06";"08D03";"TONSUPA 1";"TONSUPA";"ATACAMES";"ZONA 1"
71;"ESMERALDAS";"08D05C04S01";"08D05C04";"08D05";"CARONDELET 1";"CARONDELET";"SAN LORENZO";"ZONA 1"
72;"ESMERALDAS";"08D01C14S01";"08D01C14";"08D01";"SANTA VAINAS 1";"SANTA VAINAS";"ESMERALDAS";"ZONA 1"
73;"IMBABURA";"10D03C06S01";"10D03C06";"10D03";"LAS GOLONDRINAS 1";"LAS GOLONDRINAS";"LAS GOLONDRINAS";"ZONA 1"
74;"ESMERALDAS";"08D05C02S02";"08D05C02";"08D05";"URBINA 2";"URBINA";"SAN LORENZO";"ZONA 1"
75;"ESMERALDAS";"08D01C12S01";"08D01C12";"08D01";"SANTA MARTHA 1";"SANTA MARTHA";"ESMERALDAS";"ZONA 1"
76;"CARCHI";"04D01C07S01";"04D01C07";"04D01";"EL MAESTRO 1";"EL MAESTRO";"TULCAN";"ZONA 1"
77;"ESMERALDAS";"08D01C13S02";"08D01C13";"08D01";"CENTRO 2";"CENTRO";"ESMERALDAS";"ZONA 1"
78;"IMBABURA";"10D01C01S01";"10D01C01";"10D01";"ARCANGEL 1";"ARCANGEL";"CIUDAD BLANCA";"ZONA 1"
79;"ESMERALDAS";"08D01C20S02";"08D01C20";"08D01";"CAMARONES 2";"CAMARONES";"ESMERALDAS";"ZONA 1"
80;"IMBABURA";"10D02C04S02";"10D02C04";"10D02";"LOS GUABOS 2";"LOS GUABOS";"VALLE DEL AMANECER";"ZONA 1"
81;"IMBABURA";"10D01C16S01";"10D01C16";"10D01";"SALINAS 1";"SALINAS";"CIUDAD BLANCA";"ZONA 1"
82;"CARCHI";"04D02C04S01";"04D02C04";"04D02";"SAN GABRIEL NORTE 1";"SAN GABRIEL NORTE";"MONTUFAR";"ZONA 1"
83;"IMBABURA";"10D01C05S01";"10D01C05";"10D01";"COMPLEJO DEPORTIVO 1";"COMPLEJO DEPORTIVO";"CIUDAD BLANCA";"ZONA 1"
84;"ESMERALDAS";"08D04C04S01";"08D04C04";"08D04";"LA SEXTA 1";"LA SEXTA";"QUININDE";"ZONA 1"
85;"IMBABURA";"10D02C11S01";"10D02C11";"10D02";"GONZALEZ 1";"GONZALEZ";"VALLE DEL AMANECER";"ZONA 1"
86;"ESMERALDAS";"08D01C20S01";"08D01C20";"08D01";"CAMARONES 1";"CAMARONES";"ESMERALDAS";"ZONA 1"
87;"CARCHI";"04D02C02S01";"04D02C02";"04D02";"SAN RAFAEL 1";"SAN RAFAEL";"MONTUFAR";"ZONA 1"
88;"ESMERALDAS";"08D06C01S01";"08D06C01";"08D06";"PALESTINA 1";"PALESTINA";"RIO VERDE";"ZONA 1"
89;"ESMERALDAS";"08D03C02S01";"08D03C02";"08D03";"MUISNE 1";"MUISNE";"ATACAMES";"ZONA 1"
90;"IMBABURA";"10D02C08S01";"10D02C08";"10D02";"SAN LUIS 1";"SAN LUIS";"VALLE DEL AMANECER";"ZONA 1"
91;"IMBABURA";"10D02C03S01";"10D02C03";"10D02";"SAN ROQUE 1";"SAN ROQUE";"VALLE DEL AMANECER";"ZONA 1"
92;"CARCHI";"04D01C02S01";"04D01C02";"04D01";"OLIMPICO 1";"OLIMPICO";"TULCAN";"ZONA 1"
93;"CARCHI";"04D03C02S01";"04D03C02";"04D03";"EL GOALTAL 1";"EL GOALTAL";"ESPEJO";"ZONA 1"
94;"CARCHI";"04D02C01S01";"04D02C01";"04D02";"BOLIVAR 1";"BOLIVAR";"MONTUFAR";"ZONA 1"
95;"SUCUMBIOS";"21D02C03S01";"21D02C03";"21D02";"PARQUE ECOLOGICO 1";"PARQUE ECOLOGICO";"LAGO AGRIO";"ZONA 1"
96;"ESMERALDAS";"08D02C01S03";"08D02C01";"08D02";"LIMONES 3";"LIMONES";"ELOY ALFARO";"ZONA 1"
97;"ESMERALDAS";"08D02C01S04";"08D02C01";"08D02";"LIMONES 4";"LIMONES";"ELOY ALFARO";"ZONA 1"
98;"ESMERALDAS";"08D02C03S01";"08D02C03";"08D02";"BORBON 1";"BORBON";"ELOY ALFARO";"ZONA 1"
99;"IMBABURA";"10D01C08S02";"10D01C08";"10D01";"LAS RIELES 2";"LAS RIELES";"CIUDAD BLANCA";"ZONA 1"
100;"IMBABURA";"10D02C06S01";"10D02C06";"10D02";"LOS LAGOS 1";"LOS LAGOS";"VALLE DEL AMANECER";"ZONA 1"
101;"IMBABURA";"10D01C07S02";"10D01C07";"10D01";"AMAZONAS 2";"AMAZONAS";"CIUDAD BLANCA";"ZONA 1"
102;"IMBABURA";"10D01C07S01";"10D01C07";"10D01";"AMAZONAS 1";"AMAZONAS";"CIUDAD BLANCA";"ZONA 1"
103;"ESMERALDAS";"08D03C04S02";"08D03C04";"08D03";"MOMPICHE 2";"MOMPICHE";"ATACAMES";"ZONA 1"
104;"SUCUMBIOS";"21D02C08S01";"21D02C08";"21D02";"GENERAL FARFAN 1";"GENERAL FARFAN";"LAGO AGRIO";"ZONA 1"
105;"CARCHI";"04D01C06S01";"04D01C06";"04D01";"PARQUE DEL 8 1";"PARQUE DEL 8";"TULCAN";"ZONA 1"
106;"SUCUMBIOS";"21D04C03S01";"21D04C03";"21D04";"7 DE JULIO 1";"7 DE JULIO";"SHUSHUFINDI";"ZONA 1"
107;"ESMERALDAS";"08D02C01S01";"08D02C01";"08D02";"LIMONES 1";"LIMONES";"ELOY ALFARO";"ZONA 1"
108;"ESMERALDAS";"08D01C05S01";"08D01C05";"08D01";"EL ARENAL 1";"EL ARENAL";"ESMERALDAS";"ZONA 1"
109;"CARCHI";"04D01C03S01";"04D01C03";"04D01";"COMUNEROS 1";"COMUNEROS";"TULCAN";"ZONA 1"
110;"ESMERALDAS";"08D01C08S01";"08D01C08";"08D01";"VALLE HERMOSO 1";"VALLE HERMOSO";"ESMERALDAS";"ZONA 1"
111;"IMBABURA";"10D01C02S02";"10D01C02";"10D01";"CARANQUIS 2";"CARANQUIS";"CIUDAD BLANCA";"ZONA 1"
112;"SUCUMBIOS";"21D02C07S02";"21D02C07";"21D02";"PACAYACU 2";"PACAYACU";"LAGO AGRIO";"ZONA 1"
113;"ESMERALDAS";"08D04C08S02";"08D04C08";"08D04";"LA UNION 2";"LA UNION";"QUININDE";"ZONA 1"
114;"IMBABURA";"10D02C06S02";"10D02C06";"10D02";"LOS LAGOS 2";"LOS LAGOS";"VALLE DEL AMANECER";"ZONA 1"
115;"ESMERALDAS";"08D01C11S01";"08D01C11";"08D01";"GUACHARACA 1";"GUACHARACA";"ESMERALDAS";"ZONA 1"
116;"ESMERALDAS";"08D02C04S01";"08D02C04";"08D02";"SELVA ALEGRE 1";"SELVA ALEGRE";"ELOY ALFARO";"ZONA 1"
117;"IMBABURA";"10D03C02S01";"10D03C02";"10D03";"QUIROGA 1";"QUIROGA";"TIERRA DEL SOL";"ZONA 1"
118;"SUCUMBIOS";"21D02C04S01";"21D02C04";"21D02";"LAS PALMERAS 1";"LAS PALMERAS";"LAGO AGRIO";"ZONA 1"
119;"IMBABURA";"10D01C04S02";"10D01C04";"10D01";"GUAYABILLAS 2";"GUAYABILLAS";"CIUDAD BLANCA";"ZONA 1"
120;"IMBABURA";"10D01C04S01";"10D01C04";"10D01";"GUAYABILLAS 1";"GUAYABILLAS";"CIUDAD BLANCA";"ZONA 1"
121;"CARCHI";"04D03C01S01";"04D03C01";"04D03";"EL ANGEL 1";"EL ANGEL";"ESPEJO";"ZONA 1"
122;"IMBABURA";"10D01C19S01";"10D01C19";"10D01";"PIMAMPIRO 1";"PIMAMPIRO";"CIUDAD BLANCA";"ZONA 1"
123;"IMBABURA";"10D01C09S01";"10D01C09";"10D01";"LAS LOMAS 1";"LAS LOMAS";"CIUDAD BLANCA";"ZONA 1"
124;"SUCUMBIOS";"21D04C01S01";"21D04C01";"21D04";"LA PRIMAVERA 1";"LA PRIMAVERA";"SHUSHUFINDI";"ZONA 1"
125;"SUCUMBIOS";"21D02C06S01";"21D02C06";"21D02";"EL ENO 1";"EL ENO";"LAGO AGRIO";"ZONA 1"
126;"ESMERALDAS";"08D04C03S01";"08D04C03";"08D04";"QUININDE 1";"QUININDE";"QUININDE";"ZONA 1"
127;"ESMERALDAS";"08D01C15S01";"08D01C15";"08D01";"PROPICIA 1";"PROPICIA";"ESMERALDAS";"ZONA 1"
128;"IMBABURA";"10D03C05S01";"10D03C05";"10D03";"IMANTAG 1";"IMANTAG";"TIERRA DEL SOL";"ZONA 1"
129;"IMBABURA";"10D01C11S01";"10D01C11";"10D01";"AZAYA 1";"AZAYA";"CIUDAD BLANCA";"ZONA 1"
130;"SUCUMBIOS";"21D01C01S02";"21D01C01";"21D01";"CASCALES 2";"CASCALES";"SUCUMBIOS";"ZONA 1"
131;"ESMERALDAS";"08D04C03S02";"08D04C03";"08D04";"QUININDE 2";"QUININDE";"QUININDE";"ZONA 1"
132;"ESMERALDAS";"08D04C09S01";"08D04C09";"08D04";"VICHE 1";"VICHE";"QUININDE";"ZONA 1"
133;"ESMERALDAS";"08D05C01S03";"08D05C01";"08D05";"FRONTERA 3";"FRONTERA";"SAN LORENZO";"ZONA 1"
134;"SUCUMBIOS";"21D01C03S02";"21D01C03";"21D01";"LA BONITA 2";"LA BONITA";"SUCUMBIOS";"ZONA 1"
135;"ESMERALDAS";"08D01C04S01";"08D01C04";"08D01";"LA TOLITA 1";"LA TOLITA";"ESMERALDAS";"ZONA 1"
136;"ESMERALDAS";"08D06C02S02";"08D06C02";"08D06";"MONTALVO 2";"MONTALVO";"RIO VERDE";"ZONA 1"
137;"ESMERALDAS";"08D04C01S01";"08D04C01";"08D04";"CUPA 1";"CUPA";"QUININDE";"ZONA 1"
138;"IMBABURA";"10D01C02S01";"10D01C02";"10D01";"CARANQUIS 1";"CARANQUIS";"CIUDAD BLANCA";"ZONA 1"
139;"IMBABURA";"10D01C17S01";"10D01C17";"10D01";"LITA 1";"LITA";"CIUDAD BLANCA";"ZONA 1"
140;"SUCUMBIOS";"21D03C01S01";"21D03C01";"21D03";"TARAPOA 1";"TARAPOA";"PUTUMAYO";"ZONA 1"
141;"ESMERALDAS";"08D01C07S01";"08D01C07";"08D01";"COLECTIVA 1";"COLECTIVA";"ESMERALDAS";"ZONA 1"
142;"IMBABURA";"10D02C10S02";"10D02C10";"10D02";"LA CASCADA 2";"LA CASCADA";"VALLE DEL AMANECER";"ZONA 1"
143;"ESMERALDAS";"08D01C21S01";"08D01C21";"08D01";"SAN MATEO 1";"SAN MATEO";"ESMERALDAS";"ZONA 1"
144;"ESMERALDAS";"08D06C02S03";"08D06C02";"08D06";"MONTALVO 3";"MONTALVO";"RIO VERDE";"ZONA 1"
145;"SUCUMBIOS";"21D04C02S01";"21D04C02";"21D04";"SHUSHUFINDI CENTRO 1";"SHUSHUFINDI CENTRO";"SHUSHUFINDI";"ZONA 1"
146;"ESMERALDAS";"08D01C18S01";"08D01C18";"08D01";"VUELTA LARGA SUR 1";"VUELTA LARGA SUR";"ESMERALDAS";"ZONA 1"
147;"SUCUMBIOS";"21D02C03S02";"21D02C03";"21D02";"PARQUE ECOLOGICO 2";"PARQUE ECOLOGICO";"LAGO AGRIO";"ZONA 1"
148;"CARCHI";"04D02C02S02";"04D02C02";"04D02";"SAN RAFAEL 2";"SAN RAFAEL";"MONTUFAR";"ZONA 1"
149;"ESMERALDAS";"08D03C05S02";"08D03C05";"08D03";"ATACAMES 2";"ATACAMES";"ATACAMES";"ZONA 1"
150;"IMBABURA";"10D03C01S02";"10D03C01";"10D03";"COTACACHI 2";"COTACACHI";"TIERRA DEL SOL";"ZONA 1"
151;"SUCUMBIOS";"21D02C04S02";"21D02C04";"21D02";"LAS PALMERAS 2";"LAS PALMERAS";"LAGO AGRIO";"ZONA 1"
152;"CARCHI";"04D01C12S01";"04D01C12";"04D01";"CHICAL 1";"CHICAL";"TULCAN";"ZONA 1"
153;"ESMERALDAS";"08D04C07S01";"08D04C07";"08D04";"LA INDEPENDENCIA 1";"LA INDEPENDENCIA";"QUININDE";"ZONA 1"
154;"CARCHI";"04D01C13S01";"04D01C13";"04D01";"URBINA 1";"URBINA";"TULCAN";"ZONA 1"
155;"ESMERALDAS";"08D03C08S01";"08D03C08";"08D03";"TONCHIGUE 1";"TONCHIGUE";"ATACAMES";"ZONA 1"
156;"ESMERALDAS";"08D03C02S03";"08D03C02";"08D03";"MUISNE 3";"MUISNE";"ATACAMES";"ZONA 1"
157;"ESMERALDAS";"08D04C11S02";"08D04C11";"08D04";"MALIMPIA 2";"MALIMPIA";"QUININDE";"ZONA 1"
158;"CARCHI";"04D03C01S02";"04D03C01";"04D03";"EL ANGEL 2";"EL ANGEL";"ESPEJO";"ZONA 1"
159;"ESMERALDAS";"08D04C11S01";"08D04C11";"08D04";"MALIMPIA 1";"MALIMPIA";"QUININDE";"ZONA 1"
160;"IMBABURA";"10D01C21S01";"10D01C21";"10D01";"ARRAYANES 1";"ARRAYANES";"CIUDAD BLANCA";"ZONA 1"
161;"SUCUMBIOS";"21D01C02S02";"21D01C02";"21D01";"LUMBAQUI 2";"LUMBAQUI";"SUCUMBIOS";"ZONA 1"
162;"ESMERALDAS";"08D01C09S01";"08D01C09";"08D01";"CORDERO CRESPO 1";"CORDERO CRESPO";"ESMERALDAS";"ZONA 1"
163;"ESMERALDAS";"08D05C01S01";"08D05C01";"08D05";"FRONTERA 1";"FRONTERA";"SAN LORENZO";"ZONA 1"
164;"IMBABURA";"10D01C14S02";"10D01C14";"10D01";"AMBUQUI 2";"AMBUQUI";"CIUDAD BLANCA";"ZONA 1"
165;"SUCUMBIOS";"21D02C02S01";"21D02C02";"21D02";"EL DORADO 1";"EL DORADO";"LAGO AGRIO";"ZONA 1"
166;"ESMERALDAS";"08D01C07S02";"08D01C07";"08D01";"COLECTIVA 2";"COLECTIVA";"ESMERALDAS";"ZONA 1"
167;"ESMERALDAS";"08D02C02S02";"08D02C02";"08D02";"ANCHAYACU 2";"ANCHAYACU";"ELOY ALFARO";"ZONA 1"
168;"IMBABURA";"10D02C01S01";"10D02C01";"10D02";"ANDRADE MARIN 1";"ANDRADE MARIN";"VALLE DEL AMANECER";"ZONA 1"
169;"CARCHI";"04D02C06S01";"04D02C06";"04D02";"CRISTOBAL COLON 1";"CRISTOBAL COLON";"MONTUFAR";"ZONA 1"
170;"IMBABURA";"10D02C10S01";"10D02C10";"10D02";"LA CASCADA 1";"LA CASCADA";"VALLE DEL AMANECER";"ZONA 1"
171;"IMBABURA";"10D02C15S01";"10D02C15";"10D02";"QUICHINCHE 1";"QUICHINCHE";"VALLE DEL AMANECER";"ZONA 1"
172;"SUCUMBIOS";"21D01C03S01";"21D01C03";"21D01";"LA BONITA 1";"LA BONITA";"SUCUMBIOS";"ZONA 1"
173;"SUCUMBIOS";"21D01C01S01";"21D01C01";"21D01";"CASCALES 1";"CASCALES";"SUCUMBIOS";"ZONA 1"
174;"ESMERALDAS";"08D01C05S02";"08D01C05";"08D01";"EL ARENAL 2";"EL ARENAL";"ESMERALDAS";"ZONA 1"
175;"ESMERALDAS";"08D01C03S01";"08D01C03";"08D01";"AIRE LIBRE 1";"AIRE LIBRE";"ESMERALDAS";"ZONA 1"
176;"SUCUMBIOS";"21D02C05S01";"21D02C05";"21D02";"SANTA CECILIA 1";"SANTA CECILIA";"LAGO AGRIO";"ZONA 1"
177;"IMBABURA";"10D01C15S01";"10D01C15";"10D01";"LA CAROLINA 1";"LA CAROLINA";"CIUDAD BLANCA";"ZONA 1"
178;"IMBABURA";"10D01C08S01";"10D01C08";"10D01";"LAS RIELES 1";"LAS RIELES";"CIUDAD BLANCA";"ZONA 1"
179;"CARCHI";"04D01C11S01";"04D01C11";"04D01";"TUFINO 1";"TUFINO";"TULCAN";"ZONA 1"
180;"CARCHI";"04D01C08S01";"04D01C08";"04D01";"KENNEDY 1";"KENNEDY";"TULCAN";"ZONA 1"
181;"ESMERALDAS";"08D01C01S01";"08D01C01";"08D01";"CODESA 1";"CODESA";"ESMERALDAS";"ZONA 1"
182;"ESMERALDAS";"08D05C02S01";"08D05C02";"08D05";"URBINA 1";"URBINA";"SAN LORENZO";"ZONA 1"
183;"SUCUMBIOS";"21D03C04S01";"21D03C04";"21D03";"PUERTO DEL CARMEN 1";"PUERTO DEL CARMEN";"PUTUMAYO";"ZONA 1"
184;"IMBABURA";"10D02C04S01";"10D02C04";"10D02";"LOS GUABOS 1";"LOS GUABOS";"VALLE DEL AMANECER";"ZONA 1"
185;"IMBABURA";"10D03C01S01";"10D03C01";"10D03";"COTACACHI 1";"COTACACHI";"TIERRA DEL SOL";"ZONA 1"
186;"SUCUMBIOS";"21D01C02S01";"21D01C02";"21D01";"LUMBAQUI 1";"LUMBAQUI";"SUCUMBIOS";"ZONA 1"
187;"IMBABURA";"10D02C12S01";"10D02C12";"10D02";"SAN PABLO 1";"SAN PABLO";"VALLE DEL AMANECER";"ZONA 1"
188;"ESMERALDAS";"08D01C08S02";"08D01C08";"08D01";"VALLE HERMOSO 2";"VALLE HERMOSO";"ESMERALDAS";"ZONA 1"
189;"ESMERALDAS";"08D03C02S02";"08D03C02";"08D03";"MUISNE 2";"MUISNE";"ATACAMES";"ZONA 1"
190;"ESMERALDAS";"08D01C03S02";"08D01C03";"08D01";"AIRE LIBRE 2";"AIRE LIBRE";"ESMERALDAS";"ZONA 1"
191;"ESMERALDAS";"08D02C01S02";"08D02C01";"08D02";"LIMONES 2";"LIMONES";"ELOY ALFARO";"ZONA 1"
192;"SUCUMBIOS";"21D04C04S01";"21D04C04";"21D04";"PANACOCHA 1";"PANACOCHA";"SHUSHUFINDI";"ZONA 1"
193;"ESMERALDAS";"08D01C17S01";"08D01C17";"08D01";"PUMPULA 1";"PUMPULA";"ESMERALDAS";"ZONA 1"
194;"ESMERALDAS";"08D04C06S01";"08D04C06";"08D04";"BOCANA DE BUA 1";"BOCANA DE BUA";"QUININDE";"ZONA 1"
195;"ESMERALDAS";"08D02C04S02";"08D02C04";"08D02";"SELVA ALEGRE 2";"SELVA ALEGRE";"ELOY ALFARO";"ZONA 1"
196;"ESMERALDAS";"08D02C03S03";"08D02C03";"08D02";"BORBON 3";"BORBON";"ELOY ALFARO";"ZONA 1"
197;"CARCHI";"04D02C06S02";"04D02C06";"04D02";"CRISTOBAL COLON 2";"CRISTOBAL COLON";"MONTUFAR";"ZONA 1"
198;"IMBABURA";"10D01C18S02";"10D01C18";"10D01";"GALO PLAZA 2";"GALO PLAZA";"CIUDAD BLANCA";"ZONA 1"
199;"IMBABURA";"10D03C06S01";"10D03C06";"10D03";"GARCIA MORENO 1";"GARCIA MORENO";"TIERRA DEL SOL";"ZONA 1"
200;"ESMERALDAS";"08D03C01S02";"08D03C01";"08D03";"GALERAS 2";"GALERAS";"ATACAMES";"ZONA 1"
201;"CARCHI";"04D02C03S02";"04D02C03";"04D02";"GARCIA MORENO 2";"GARCIA MORENO";"MONTUFAR";"ZONA 1"
202;"SUCUMBIOS";"21D03C04S02";"21D03C04";"21D03";"PUERTO DEL CARMEN 2";"PUERTO DEL CARMEN";"PUTUMAYO";"ZONA 1"
203;"ESMERALDAS";"08D06C01S02";"08D06C01";"08D06";"PALESTINA 2";"PALESTINA";"RIO VERDE";"ZONA 1"
204;"ESMERALDAS";"08D05C03S01";"08D05C03";"08D05";"TAMBILLO 1";"TAMBILLO";"SAN LORENZO";"ZONA 1"
205;"CARCHI";"04D02C03S01";"04D02C03";"04D02";"GARCIA MORENO 1";"GARCIA MORENO";"MONTUFAR";"ZONA 1"
206;"IMBABURA";"10D03C03S01";"10D03C03";"10D03";"INTAG 1";"INTAG";"TIERRA DEL SOL";"ZONA 1"
207;"ESMERALDAS";"08D01C19S02";"08D01C19";"08D01";"TABIAZO 2";"TABIAZO";"ESMERALDAS";"ZONA 1"
208;"ESMERALDAS";"08D03C04S01";"08D03C04";"08D03";"MOMPICHE 1";"MOMPICHE";"ATACAMES";"ZONA 1"
209;"ESMERALDAS";"08D02C02S01";"08D02C02";"08D02";"ANCHAYACU 1";"ANCHAYACU";"ELOY ALFARO";"ZONA 1"
210;"CARCHI";"04D01C12S02";"04D01C12";"04D01";"CHICAL 2";"CHICAL";"TULCAN";"ZONA 1"
211;"ESMERALDAS";"08D01C16S01";"08D01C16";"08D01";"VUELTA LARGA NORTE 1";"VUELTA LARGA NORTE";"ESMERALDAS";"ZONA 1"
212;"IMBABURA";"10D02C16S01";"10D02C16";"10D02";"SELVA ALEGRE 1";"SELVA ALEGRE";"VALLE DEL AMANECER";"ZONA 1"
213;"PICHINCHA";"17D12C04S01";"17D12C04";"17D12";"LOS BANCOS 1";"LOS BANCOS";"NOROCCIDENTE";"ZONA 2"
214;"ORELLANA";"22D01C03S01";"22D01C03";"22D01";"SACHAS 1";"SACHAS";"LA JOYA DE LOS SACHAS";"ZONA 2"
215;"PICHINCHA";"17D11C13S01";"17D11C13";"17D11";"FAJARDO 1";"FAJARDO";"RUMINAHUI - MEJIA";"ZONA 2"
216;"ORELLANA";"22D01C02S01";"22D01C02";"22D01";"SAN PEDRO 1";"SAN PEDRO";"LA JOYA DE LOS SACHAS";"ZONA 2"
217;"PICHINCHA";"17D10C05S01";"17D10C05";"17D10";"CUSUBAMBA 1";"CUSUBAMBA";"CAYAMBE";"ZONA 2"
218;"ORELLANA";"22D02C06S01";"22D02C06";"22D02";"NUEVO PARAISO 1";"NUEVO PARAISO";"ORELLANA LORETO";"ZONA 2"
219;"PICHINCHA";"17D10C02S02";"17D10C02";"17D10";"CAYAMBE NORTE 2";"CAYAMBE NORTE";"CAYAMBE";"ZONA 2"
220;"NAPO";"15D01C01S01";"15D01C01";"15D01";"ARCHIDONA 1";"ARCHIDONA";"TENA";"ZONA 2"
221;"PICHINCHA";"17D12C03S02";"17D12C03";"17D12";"PUERTO QUITO SUR 2";"PUERTO QUITO SUR";"NOROCCIDENTE";"ZONA 2"
222;"ORELLANA";"22D02C05S04";"22D02C05";"22D02";"COCA OCCIDENTE 4";"COCA OCCIDENTE";"ORELLANA LORETO";"ZONA 2"
223;"PICHINCHA";"17D11C08S02";"17D11C08";"17D11";"RURAL 2";"RURAL";"RUMINAHUI - MEJIA";"ZONA 2"
224;"PICHINCHA";"17D11C09S01";"17D11C09";"17D11";"MOLINUCO 1";"MOLINUCO";"RUMINAHUI - MEJIA";"ZONA 2"
225;"NAPO";"15D01C09S01";"15D01C09";"15D01";"AHUANO 1";"AHUANO";"TENA";"ZONA 2"
226;"NAPO";"15D02C01S01";"15D02C01";"15D02";"EL CHACO 1";"EL CHACO";"EL VALLE DE QUIJOS";"ZONA 2"
227;"PICHINCHA";"17D11C13S02";"17D11C13";"17D11";"FAJARDO 2";"FAJARDO";"RUMINAHUI - MEJIA";"ZONA 2"
228;"PICHINCHA";"17D10C01S01";"17D10C01";"17D10";"EL PRADO 1";"EL PRADO";"CAYAMBE";"ZONA 2"
229;"PICHINCHA";"17D11C09S02";"17D11C09";"17D11";"MOLINUCO 2";"MOLINUCO";"RUMINAHUI - MEJIA";"ZONA 2"
230;"PICHINCHA";"17D11C11S01";"17D11C11";"17D11";"SAN RAFAEL 1";"SAN RAFAEL";"RUMINAHUI - MEJIA";"ZONA 2"
231;"PICHINCHA";"17D11C01S01";"17D11C01";"17D11";"MACHACHI SUR 1";"MACHACHI SUR";"RUMINAHUI - MEJIA";"ZONA 2"
232;"ORELLANA";"22D02C04S03";"22D02C04";"22D02";"COCA ORIENTE 3";"COCA ORIENTE";"ORELLANA LORETO";"ZONA 2"
233;"ORELLANA";"22D02C05S01";"22D02C05";"22D02";"COCA OCCIDENTE 1";"COCA OCCIDENTE";"ORELLANA LORETO";"ZONA 2"
234;"PICHINCHA";"17D12C04S03";"17D12C04";"17D12";"LOS BANCOS 3";"LOS BANCOS";"NOROCCIDENTE";"ZONA 2"
235;"NAPO";"15D02C05S01";"15D02C05";"15D02";"SAN FRANCISCO DE BORJA 1";"SAN FRANCISCO DE BORJA";"EL VALLE DE QUIJOS";"ZONA 2"
236;"PICHINCHA";"17D10C07S01";"17D10C07";"17D10";"TABACUNDO 1";"TABACUNDO";"CAYAMBE";"ZONA 2"
237;"PICHINCHA";"17D10C07S02";"17D10C07";"17D10";"TABACUNDO 2";"TABACUNDO";"CAYAMBE";"ZONA 2"
238;"ORELLANA";"22D01C01S02";"22D01C01";"22D01";"SAN SEBASTIAN 2";"SAN SEBASTIAN";"LA JOYA DE LOS SACHAS";"ZONA 2"
239;"ORELLANA";"22D02C07S01";"22D02C07";"22D02";"LA BELLEZA 1";"LA BELLEZA";"ORELLANA LORETO";"ZONA 2"
240;"PICHINCHA";"17D11C03S02";"17D11C03";"17D11";"CUTUGLAGUA 2";"CUTUGLAGUA";"RUMINAHUI - MEJIA";"ZONA 2"
241;"PICHINCHA";"17D11C12S02";"17D11C12";"17D11";"SANGOLQUI 2";"SANGOLQUI";"RUMINAHUI - MEJIA";"ZONA 2"
242;"PICHINCHA";"17D11C02S01";"17D11C02";"17D11";"MACHACHI NORTE 1";"MACHACHI NORTE";"RUMINAHUI - MEJIA";"ZONA 2"
243;"NAPO";"15D01C05S02";"15D01C05";"15D01";"PALANDACOCHA 2";"PALANDACOCHA";"TENA";"ZONA 2"
244;"ORELLANA";"22D02C03S01";"22D02C03";"22D02";"PAYAMINO 1";"PAYAMINO";"ORELLANA LORETO";"ZONA 2"
245;"NAPO";"15D01C02S01";"15D01C02";"15D01";"KM 24 1";"KM 24";"TENA";"ZONA 2"
246;"ORELLANA";"22D01C04S01";"22D01C04";"22D01";"POMPEYA 1";"POMPEYA";"LA JOYA DE LOS SACHAS";"ZONA 2"
247;"ORELLANA";"22D02C08S01";"22D02C08";"22D02";"DAYUMA 1";"DAYUMA";"ORELLANA LORETO";"ZONA 2"
248;"PICHINCHA";"17D12C03S01";"17D12C03";"17D12";"PUERTO QUITO SUR 1";"PUERTO QUITO SUR";"NOROCCIDENTE";"ZONA 2"
249;"PICHINCHA";"17D10C03S02";"17D10C03";"17D10";"CAYAMBE SUR 2";"CAYAMBE SUR";"CAYAMBE";"ZONA 2"
250;"ORELLANA";"22D02C05S02";"22D02C05";"22D02";"COCA OCCIDENTE 2";"COCA OCCIDENTE";"ORELLANA LORETO";"ZONA 2"
251;"ORELLANA";"22D02C06S02";"22D02C06";"22D02";"NUEVO PARAISO 2";"NUEVO PARAISO";"ORELLANA LORETO";"ZONA 2"
252;"PICHINCHA";"17D11C06S01";"17D11C06";"17D11";"TANDAPI 1";"TANDAPI";"RUMINAHUI - MEJIA";"ZONA 2"
253;"NAPO";"15D01C06S01";"15D01C06";"15D01";"TALAG 1";"TALAG";"TENA";"ZONA 2"
254;"NAPO";"15D01C04S01";"15D01C04";"15D01";"AEROPUERTO 1";"AEROPUERTO";"TENA";"ZONA 2"
255;"NAPO";"15D02C05S02";"15D02C05";"15D02";"SAN FRANCISCO DE BORJA 2";"SAN FRANCISCO DE BORJA";"EL VALLE DE QUIJOS";"ZONA 2"
256;"PICHINCHA";"17D10C03S01";"17D10C03";"17D10";"CAYAMBE SUR 1";"CAYAMBE SUR";"CAYAMBE";"ZONA 2"
257;"PICHINCHA";"17D11C04S02";"17D11C04";"17D11";"PASOCHOA 2";"PASOCHOA";"RUMINAHUI - MEJIA";"ZONA 2"
258;"PICHINCHA";"17D11C12S03";"17D11C12";"17D11";"SANGOLQUI 3";"SANGOLQUI";"RUMINAHUI - MEJIA";"ZONA 2"
259;"ORELLANA";"22D02C01S01";"22D02C01";"22D02";"24 DE MAYO 1";"24 DE MAYO";"ORELLANA LORETO";"ZONA 2"
260;"ORELLANA";"22D03C02S01";"22D03C02";"22D03";"NUEVO ROCAFUERTE 1";"NUEVO ROCAFUERTE";"AGUARICO";"ZONA 2"
261;"PICHINCHA";"17D11C02S02";"17D11C02";"17D11";"MACHACHI NORTE 2";"MACHACHI NORTE";"RUMINAHUI - MEJIA";"ZONA 2"
262;"ORELLANA";"22D02C05S03";"22D02C05";"22D02";"COCA OCCIDENTE 3";"COCA OCCIDENTE";"ORELLANA LORETO";"ZONA 2"
263;"ORELLANA";"22D02C02S01";"22D02C02";"22D02";"LORETO 1";"LORETO";"ORELLANA LORETO";"ZONA 2"
264;"NAPO";"15D01C05S01";"15D01C05";"15D01";"PALANDACOCHA 1";"PALANDACOCHA";"TENA";"ZONA 2"
265;"PICHINCHA";"17D11C03S01";"17D11C03";"17D11";"CUTUGLAGUA 1";"CUTUGLAGUA";"RUMINAHUI - MEJIA";"ZONA 2"
266;"PICHINCHA";"17D12C01S02";"17D12C01";"17D12";"MALDONADO 2";"MALDONADO";"NOROCCIDENTE";"ZONA 2"
267;"PICHINCHA";"17D10C02S03";"17D10C02";"17D10";"CAYAMBE NORTE 3";"CAYAMBE NORTE";"CAYAMBE";"ZONA 2"
268;"PICHINCHA";"17D10C08S01";"17D10C08";"17D10";"MALCHINGUI 1";"MALCHINGUI";"CAYAMBE";"ZONA 2"
269;"NAPO";"15D01C08S01";"15D01C08";"15D01";"YURALPA 1";"YURALPA";"TENA";"ZONA 2"
270;"NAPO";"15D01C03S01";"15D01C03";"15D01";"AROSEMENA TOLA 1";"AROSEMENA TOLA";"TENA";"ZONA 2"
271;"PICHINCHA";"17D10C05S02";"17D10C05";"17D10";"CUSUBAMBA 2";"CUSUBAMBA";"CAYAMBE";"ZONA 2"
272;"ORELLANA";"22D02C05S05";"22D02C05";"22D02";"COCA OCCIDENTE 5";"COCA OCCIDENTE";"ORELLANA LORETO";"ZONA 2"
273;"ORELLANA";"22D02C08S03";"22D02C08";"22D02";"DAYUMA 3";"DAYUMA";"ORELLANA LORETO";"ZONA 2"
274;"NAPO";"15D02C03S01";"15D02C03";"15D02";"SANTA ROSA 1";"SAN ROSA";"EL VALLE DE QUIJOS";"ZONA 2"
275;"ORELLANA";"22D01C03S02";"22D01C03";"22D01";"SACHAS 2";"SACHAS";"LA JOYA DE LOS SACHAS";"ZONA 2"
276;"ORELLANA";"22D02C08S02";"22D02C08";"22D02";"DAYUMA 2";"DAYUMA";"ORELLANA LORETO";"ZONA 2"
277;"PICHINCHA";"17D11C11S02";"17D11C11";"17D11";"SAN RAFAEL 2";"SAN RAFAEL";"RUMINAHUI - MEJIA";"ZONA 2"
278;"PICHINCHA";"17D10C02S01";"17D10C02";"17D10";"CAYAMBE NORTE 1";"CAYAMBE NORTE";"CAYAMBE";"ZONA 2"
279;"NAPO";"15D01C07S02";"15D01C07";"15D01";"MISAHUALLI 2";"MISAHUALLI";"TENA";"ZONA 2"
280;"PICHINCHA";"17D12C01S01";"17D12C01";"17D12";"MALDONADO 1";"MALDONADO";"NOROCCIDENTE";"ZONA 2"
281;"NAPO";"15D01C07S01";"15D01C07";"15D01";"MISAHUALLI 1";"MISAHUALLI";"TENA";"ZONA 2"
282;"PICHINCHA";"17D12C02S02";"17D12C02";"17D12";"PUERTO QUITO NORTE 2";"PUERTO QUITO NORTE";"NOROCCIDENTE";"ZONA 2"
283;"PICHINCHA";"17D12C01S03";"17D12C01";"17D12";"MALDONADO 3";"MALDONADO";"NOROCCIDENTE";"ZONA 2"
284;"PICHINCHA";"17D11C10S02";"17D11C10";"17D11";"RUMINAHUI 2";"RUMINAHUI";"RUMINAHUI - MEJIA";"ZONA 2"
285;"ORELLANA";"22D02C02S02";"22D02C02";"22D02";"LORETO 2";"LORETO";"ORELLANA LORETO";"ZONA 2"
286;"NAPO";"15D02C06S01";"15D02C06";"15D02";"PAPALLACTA 1";"PAPALLACTA";"EL VALLE DE QUIJOS";"ZONA 2"
287;"ORELLANA";"22D01C01S01";"22D01C01";"22D01";"SAN SEBASTIAN 1";"SAN SEBASTIAN";"LA JOYA DE LOS SACHAS";"ZONA 2"
288;"PICHINCHA";"17D11C08S01";"17D11C08";"17D11";"RURAL 1";"RURAL";"RUMINAHUI - MEJIA";"ZONA 2"
289;"ORELLANA";"22D02C04S02";"22D02C04";"22D02";"COCA ORIENTE 2";"COCA ORIENTE";"ORELLANA LORETO";"ZONA 2"
290;"PICHINCHA";"17D11C04S01";"17D11C04";"17D11";"PASOCHOA 1";"PASOCHOA";"RUMINAHUI - MEJIA";"ZONA 2"
291;"PICHINCHA";"17D11C05S01";"17D11C05";"17D11";"ALOAG 1";"ALOAG";"RUMINAHUI - MEJIA";"ZONA 2"
292;"ORELLANA";"22D02C11S01";"22D02C11";"22D02";"SAN LUIS DE ARMENIA 1";"SAN LUIS DE ARMENIA";"ORELLANA LORETO";"ZONA 2"
293;"ORELLANA";"22D02C04S04";"22D02C04";"22D02";"COCA ORIENTE 4";"COCA ORIENTE";"ORELLANA LORETO";"ZONA 2"
294;"PICHINCHA";"17D11C07S01";"17D11C07";"17D11";"ILINIZAS 1";"ILINIZAS";"RUMINAHUI - MEJIA";"ZONA 2"
295;"PICHINCHA";"17D10C04S01";"17D10C04";"17D10";"CANGAGUA 1";"CANGAGUA";"CAYAMBE";"ZONA 2"
296;"PICHINCHA";"17D11C10S01";"17D11C10";"17D11";"RUMINAHUI 1";"RUMINAHUI";"RUMINAHUI - MEJIA";"ZONA 2"
297;"PICHINCHA";"17D12C04S02";"17D12C04";"17D12";"LOS BANCOS 2";"LOS BANCOS";"NOROCCIDENTE";"ZONA 2"
298;"NAPO";"15D01C04S02";"15D01C04";"15D01";"AEROPUERTO 2";"AEROPUERTO";"TENA";"ZONA 2"
299;"ORELLANA";"22D02C09S01";"22D02C09";"22D02";"ALEJANDRO LABAKA 1";"ALEJANDRO LABAKA";"ORELLANA LORETO";"ZONA 2"
300;"PICHINCHA";"17D12C04S04";"17D12C04";"17D12";"LOS BANCOS 4";"LOS BANCOS";"NOROCCIDENTE";"ZONA 2"
301;"PICHINCHA";"17D10C06S01";"17D10C06";"17D10";"OLMEDO 1";"OLMEDO";"CAYAMBE";"ZONA 2"
302;"ORELLANA";"22D01C02S03";"22D01C02";"22D01";"SAN PEDRO 3";"SAN PEDRO";"LA JOYA DE LOS SACHAS";"ZONA 2"
303;"ORELLANA";"22D02C04S01";"22D02C04";"22D02";"COCA ORIENTE 1";"COCA ORIENTE";"ORELLANA LORETO";"ZONA 2"
